"bot_lat","top_lat","left_long","right_long, height"
"21.02896469918224","21.03079503581987","105.7861914770398","105.7882697450316","17"
"21.02954875922455","21.03074492808166","105.7926330009269","105.7938401491762","13"
"21.02943408760013","21.03075602630152","105.7850636473305","105.7865795582075","41"
"21.02937484203116","21.03066496302974","105.7835106038492","105.7849516315293","39"
"21.029346344472238","21.03056167068518","105.7924184076568","105.7936267686797","13"
"21.02919745888935","21.0306065180955","105.7838324472968","105.7851033901307","9"
"21.02913068802537","21.03057407569971","105.7839857080114","105.7854221401525","43"
"21.02916788134163","21.03050536578884","105.7849804701624","105.7865745052469","47"
"21.02897863079473","21.030304804983672","105.7848767766432","105.786445840326","34"
"21.029307133909988","21.03051409347447","105.7925085934094","105.7937410940207","14"
"21.02913901766408","21.03048786919793","105.7842901352324","105.7856671581431","39"
"21.02920795225844","21.03043434876124","105.7928187959413","105.7940535930876","12"
"21.029171653872808","21.03039062529265","105.7924650431065","105.7936908255998","15"
"21.02904247681962","21.03042655334998","105.7845580455686","105.7859998657887","42"
"21.02909643358322","21.03031003413734","105.7927866867474","105.79398414928531","12"
"21.028894534281267","21.03024307282244","105.7919438431262","105.7935023035658","40"
"21.028906184743057","21.03019464778034","105.7834956976945","105.784773801659","31"
"21.02877563038307","21.030018590835382","105.7842115160136","105.785554173176","29"
"21.02865930791957","21.0298877369356","105.7841966998632","105.7854545195821","29"
"21.02867582640701","21.0300571749909","105.7839600016172","105.7853240735419","28"
"21.028689857145498","21.02990338138419","105.7836884962365","105.7849799458855","27"
"21.02853978271583","21.02977657326686","105.785002837749","105.7862571671007","14"
"21.02841290457723","21.02965320196884","105.783636812344","105.7849398797342","34"
"21.024507628875938","21.02567097137994","105.7928712716827","105.7940970289013","6"
"21.028142056641048","21.02954528594273","105.7873546502489","105.7887763748684","31"
"21.028153868352238","21.02941698560216","105.7826651742711","105.7839765329753","7"
"21.0279830134742","21.0293380010704","105.7836457305592","105.7849636576954","25"
"21.02807258344329","21.02927578390699","105.7923069667815","105.79359746139811","18"
"21.028001913327078","21.029200814971592","105.7922992452615","105.7935585438338","18"
"21.02792237062779","21.02927040390011","105.7838498282214","105.7851880738085","23"
"21.02798665335806","21.02926532158079","105.7841037153119","105.7854631222748","21"
"21.02787060414094","21.02908327822638","105.792439067678","105.7937112557738","18"
"21.02792292687501","21.02922046409841","105.7843907086843","105.78589741819741","19"
"21.027652104942568","21.029147270651322","105.7848246277935","105.7863102718759","10"
"21.027787034111178","21.02910472360113","105.7840970982773","105.7854112675778","19"
"21.027833564666288","21.02906375119688","105.79225464627599","105.7934946413115","13"
"21.02772343182948","21.02905167943481","105.783651713348","105.7851661144612","24"
"21.02769648229726","21.02892758139701","105.7921943019699","105.7934524316365","16"
"21.02767052602868","21.028962664738902","105.7848209391392","105.7860833171674","24"
"21.02765666414803","21.0288891641055","105.7927120743556","105.7939411127747","16"
"21.02750076493868","21.02889922794145","105.7840384577594","105.7862487615105","19"
"21.02762257114554","21.02883190976891","105.79283631876","105.79406941908461","15"
"21.02756934045238","21.02881827064824","105.7921166443747","105.793414378028","7"
"21.02756189171704","21.02883505156511","105.7888988802154","105.7900635035684","6"
"21.02754242825784","21.0287771064724","105.7926633766263","105.7938938328927","8"
"21.02748568110349","21.028691483326362","105.7927769954834","105.7940210840707","14"
"21.02748515203939","21.0286942316913","105.7920920787717","105.7933317256059","14"
"21.0244903921745","21.02565890867374","105.7926384164185","105.7939184285911","13"
"21.02742214116213","21.02863901606116","105.7926106212782","105.793838327003","14"
"21.02737142590772","21.02859098691854","105.7927294402017","105.79397201691201","14"
"21.0272490369251","21.02846892898831","105.7926620039422","105.7939122015494","14"
"21.027236727995888","21.02844530555303","105.7919565978635","105.793204509427","13"
"21.02712671053131","21.02834552367748","105.7920673764564","105.7932556769996","13"
"21.02709340545518","21.02831844804184","105.7921299477897","105.7933441670514","13"
"21.02705939697671","21.02828545761302","105.7922128768857","105.7934069525949","13"
"21.02703438387453","21.02824764589979","105.792284306275","105.7934923988163","12"
"21.026930116752478","21.028281935597082","105.78374564806249","105.7853195752451","50"
"21.026716677213958","21.02807117696899","105.78398928822399","105.785489563693","21"
"21.02637508538333","21.028026949531252","105.7838171965868","105.7852426059814","13"
"21.02696762383222","21.02822985739541","105.7923536333718","105.793636716647","13"
"21.027047143224","21.02823320394297","105.791894805144","105.7931253713432","13"
"21.02689501788921","21.028212164176","105.7919961323586","105.79327282308","13"
"21.02680948779747","21.028191951807372","105.78451020338049","105.7861414411072","34"
"21.026954173093568","21.02815127598719","105.7918634409055","105.7930923379403","13"
"21.02683555766529","21.028143075685172","105.7921362277641","105.79337248157181","14"
"21.026651396260117","21.02824246721835","105.7823326267191","105.7842719249886","13"
"21.02681195559043","21.02807244010615","105.7922942173944","105.7935063578844","14"
"21.026713007074807","21.02792020275931","105.7924305703474","105.7937135811713","13"
"21.025991151797818","21.02786055167337","105.7915424528558","105.7930924160719","11"
"21.02622451872647","21.0277845401145","105.7918061874302","105.7932863313132","11"
"21.02399271782189","21.02542693303348","105.7878572265412","105.7891386536166","13"
"21.02590394263137","21.02733885708221","105.78395482281","105.7854398682676","67"
"21.0256622681474","21.02718182422121","105.7913053870581","105.7927954998758","24"
"21.02571699658974","21.02703322332853","105.7870209323045","105.7884436536739","8"
"21.02539695656114","21.02688218493039","105.7866849464054","105.7879789417815","6"
"21.02547409763632","21.0268739778693","105.7839374611775","105.7854450205029","68"
"21.02536449760547","21.02680825732352","105.7865745552058","105.787866773663","6"
"21.0251150716518","21.0264582576641","105.7871271647118","105.78861206849881","45"
"21.02509604160262","21.026241033173","105.7923936800448","105.7935701898947","8"
"21.02500360366457","21.026184357045842","105.792570488492","105.7937782640037","10"
"21.02436929608277","21.02615054895523","105.7867102836602","105.7888027887095","67"
"21.02486876887473","21.0260966396123","105.7924489482383","105.7936218543025","7"
"21.02489548191954","21.02605956339942","105.7925753431774","105.79371488781081","15"
"21.0248480213527","21.02605114536292","105.7926171710822","105.7937812918919","16"
"21.0248594600553","21.02602497964024","105.7925325360352","105.7936960984986","14"
"21.024838449588287","21.02603514496682","105.7926807043814","105.7938339763489","12"
"21.02482578239657","21.025989938379112","105.79284272374029","105.7940005779649","11"
"21.02482664947767","21.02594954961841","105.7925226556921","105.79367645578981","12"
"21.024808620854458","21.02593539740875","105.7925909722591","105.79371165636461","12"
"21.02477200497033","21.02590366499023","105.7928194657445","105.7940101241726","10"
"21.02471165988541","21.02586124225201","105.792675644799","105.7939048775386","12"
"21.024236000457158","21.02587687598401","105.7902447166082","105.7919748911076","99"
"21.02475614166809","21.0258829939825","105.7925370040182","105.793733613066","14"
"21.024022907821198","21.02585604912846","105.786048484328","105.7879180390134","48"
"21.0237994063896","21.02569551012915","105.7873884293418","105.7891707859571","33"
"21.0244612247131","21.025600590517612","105.7928575620702","105.7940884390867","9"
"21.02439107826686","21.02557637361895","105.7923548992807","105.7935312888419","7"
"21.02434835219887","21.025525644438773","105.79287557582519","105.7940676939285","13"
"21.024102703287138","21.02537536382529","105.7919998973345","105.793326910824","28"
"21.02406026793758","21.02527123186089","105.79201136168079","105.7932659777538","27"
"21.02403227387358","21.02522290801869","105.7920068831238","105.7932264567207","19"
"21.02409563757954","21.02528117602112","105.7919067794163","105.79309923606971","27"
"21.02403884500005","21.025231239000043","105.7920158040001","105.7932160610001","19"
"21.024021049109088","21.02520883366311","105.7919866429696","105.7932053915679","19"
"21.024099572837738","21.02528064559499","105.7919105623795","105.7930804738208","26"
"21.02392888553014","21.025133240988012","105.7918993668794","105.7931335410183","20"
"21.02390331504433","21.02514643586921","105.7916543098071","105.7929364414323","30"
"21.02382657323435","21.025035935421172","105.7918126727788","105.7930456189255","17"
"21.023896573707688","21.02508616884653","105.7928295807351","105.7939814887709","15"
"21.02417526386779","21.02531035879272","105.7928835517736","105.7940202243727","12"
"21.024211422449","21.0253866061669","105.7925818412478","105.7937639679623","15"
"21.024203053824188","21.02534589427989","105.7925175257276","105.7936789153036","17"
"21.023937404358268","21.02535353680933","105.78705647698389","105.78850673899","17"
"21.02398847887401","21.02514521247049","105.7921942913604","105.7933576475774","17"
"21.023958140058237","21.02512865336141","105.79229890280399","105.7934995907208","20"
"21.02403394935934","21.02527977318482","105.7922040337882","105.7934684074941","17"
"21.02415517126094","21.02529278317188","105.7927300566856","105.7938708724413","13"
"21.02409022040063","21.02522632211086","105.7925659265249","105.7937189471314","12"
"21.024040465661788","21.02522227842774","105.7927019299126","105.7939077303834","18"
"21.02405249552461","21.025216462999982","105.7926725657715","105.7937966558358","17"
"21.02407305428516","21.025210720758142","105.7928574279301","105.7940022096577","12"
"21.02389239888387","21.0250952097367","105.7920991807892","105.7933046274156","18"
"21.023806268868068","21.02497496942803","105.7922087306061","105.7933876748766","8"
"21.02371016256533","21.02489552369952","105.7922494894905","105.79345291389541","14"
"21.02240639822146","21.02357402738366","105.7923393738868","105.7934906768499","8"
"21.023667407421378","21.024876286623222","105.7923322326608","105.7935468215958","21"
"21.023795201093648","21.02500527918164","105.7923287220283","105.7935372910129","17"
"21.02398740390212","21.02514110040273","105.7924632504419","105.7936132897005","11"
"21.02390958153386","21.025099133357433","105.7923642581884","105.7936115015825","11"
"21.023890180399018","21.025072035235322","105.7924824700514","105.793681948935","11"
"21.023852617322728","21.02499048643826","105.7924385934604","105.7935765955149","9"
"21.02399429098496","21.02514786573682","105.7928247913275","105.7940002308604","13"
"21.02385605530152","21.025066922595922","105.7925804371034","105.7937785253007","15"
"21.02379157290893","21.025014242905492","105.7919728521196","105.7932079229016","13"
"21.02376480868299","21.024925637832492","105.7920144372018","105.7931814062297","16"
"21.023678886429988","21.02490355639005","105.79187880669019","105.7931390508828","16"
"21.02358029440227","21.02478571414046","105.79202700165929","105.7932650809514","14"
"21.02360949909282","21.024816425938422","105.7920569650093","105.79327372685201","17"
"21.02374001538729","21.02493773233722","105.7920612059181","105.7932771434123","9"
"21.02367191767803","21.024870443646012","105.7918424907776","105.7930944395634","17"
"21.0235579657769","21.02476654610671","105.7919883813007","105.7932185325861","14"
"21.02362870413527","21.02484119483488","105.7920906965122","105.7932964018243","14"
"21.02365823677753","21.02489840726892","105.792115865208","105.7933699877287","14"
"21.023638349021038","21.024837365894","105.791808986769","105.7930770636478","18"
"21.02363556648703","21.025059146917542","105.7873818025441","105.7887809934983","6"
"21.02380225300652","21.02502849894644","105.7915806570337","105.7928908732589","24"
"21.023713939760718","21.024974805103263","105.7914591533947","105.7928309895225","16"
"21.023766987797288","21.0249314354242","105.791790560774","105.7929457672937","17"
"21.0237378866204","21.024886686455602","105.7917607498561","105.7929143484071","18"
"21.02334264111563","21.02492274655313","105.7912824707209","105.7927923130879","30"
"21.023701516344477","21.02485977710461","105.7917154615907","105.7928940939735","17"
"21.02366165408223","21.0248188575979","105.7916860606714","105.7928696266561","8"
"21.02114657706377","21.02234978611342","105.7910048132341","105.7921841587129","15"
"21.02380434309296","21.02501188486151","105.7925397659422","105.7937543845925","16"
"21.02377517004431","21.02494957244442","105.79249253274129","105.7936793130195","15"
"21.023753093462037","21.024928461024402","105.7924620930363","105.7936282983838","12"
"21.02376863087195","21.024949766042052","105.7928147995196","105.7939695454845","15"
"21.02361530670465","21.02475771564151","105.792835365673","105.79403593739261","12"
"21.02357772249684","21.02472330045267","105.7928384225861","105.794046461065","13"
"21.02357621694246","21.02476912015134","105.7927508364993","105.7939356442105","17"
"21.02376687262884","21.02493680217423","105.7927184810816","105.7938961576875","10"
"21.023732554291488","21.02487998550557","105.7925412855862","105.7937026360367","14"
"21.02366424668523","21.02486553453481","105.7926502535914","105.7938263390762","13"
"21.023182117567398","21.02488279201878","105.7878780680004","105.7898484539902","76"
"21.02342941460294","21.02481250026675","105.7865133928652","105.78791458820601","13"
"21.02354965849663","21.024745764077","105.7917310155544","105.7929785075537","13"
"21.02347106149595","21.02466502075201","105.7917004202112","105.79294630165501","10"
"21.02331289516281","21.024569560211642","105.7910353812068","105.7923972648633","12"
"21.02323914267083","21.02440743092733","105.7910829583265","105.7923894778413","8"
"21.022931958388398","21.02444341440195","105.7874981111882","105.7891553317623","48"
"21.023201782089398","21.02438929226517","105.7913888203655","105.792602958125","6"
"21.023046795954627","21.02425052067517","105.7913967533102","105.7926002722117","6"
"21.02296125766646","21.02413802833357","105.7914049729804","105.7925950442134","6"
"21.02286658494872","21.02404379177782","105.7914112359064","105.7926014652829","6"
"21.02320610194876","21.024343950474652","105.7928737306675","105.7940885559764","14"
"21.02305702342861","21.02422113841807","105.79288406210429","105.7940685813641","8"
"21.02295548287703","21.02427912638672","105.7921106794723","105.7934353339141","7"
"21.02299735120829","21.02421875063728","105.7884191459921","105.78964404745881","6"
"21.02294326685962","21.024143397071782","105.791700059287","105.79293238094","12"
"21.02257794922971","21.02419101338073","105.7884628702753","105.7900421895221","65"
"21.02274337336653","21.02406220496811","105.78739569343679","105.7887378031065","20"
"21.0221455818925","21.023288262461662","105.7925528331142","105.7937039208123","11"
"21.022404038406588","21.02400945596985","105.7900965301675","105.791645021256","9"
"21.02277047903807","21.023958478457033","105.7926778940306","105.79390678705771","10"
"21.02268834029124","21.02387876817615","105.7926594180455","105.7938885002934","16"
"21.02272890016274","21.02391238973427","105.7928736869987","105.7940125104801","12"
"21.022774281567518","21.02394025902361","105.7914185015015","105.792585699102","7"
"21.022547393092438","21.02386722145007","105.7914252251376","105.7926751947523","7"
"21.022722412505498","21.02393046824991","105.7915198084321","105.7927485419829","17"
"21.02268386766422","21.02389334341852","105.7915408544677","105.7927928865376","19"
"21.02268582266983","21.02383919865165","105.7925290446436","105.7936915195053","18"
"21.022672441625318","21.02383207986078","105.791715739211","105.7929016812861","16"
"21.02264670129575","21.02381187326032","105.7917447352163","105.7929319207919","19"
"21.02260003147217","21.02377708539053","105.7916577419679","105.7928445650461","17"
"21.02260990665219","21.023780742315882","105.7918063776113","105.7929689463806","18"
"21.022586438091977","21.02375693893414","105.7917801447028","105.7929449365589","18"
"21.022538863630988","21.02371554628596","105.79172532856","105.7929261091281","18"
"21.02253578173244","21.02382009472454","105.7921204620768","105.7935086269332","11"
"21.02263418434236","21.02379125856823","105.7927871672857","105.7939737867405","12"
"21.02250642041074","21.02382561540215","105.7870667100185","105.7883998741799","20"
"21.0225601506477","21.02377144898145","105.7924543309028","105.7937439595233","28"
"21.02255901100007","21.02372180900005","105.7926357030001","105.793814518","9"
"21.02260083101855","21.02377591828507","105.7868017122699","105.7880047984623","14"
"21.02254182071478","21.0237161387363","105.7867259102928","105.787905242569","16"
"21.022448063498228","21.02367566100116","105.7867626786948","105.787975796362","18"
"21.02250520892003","21.02373563012503","105.7868227125472","105.7880331381342","17"
"21.02246480789308","21.023711281844342","105.792805483747","105.7940767439069","15"
"21.02248981115551","21.023664212296723","105.7925059397677","105.7936721037147","9"
"21.02245112929035","21.02364138254524","105.7925549058265","105.7937510037425","16"
"21.02245877528291","21.023668253545242","105.7920007594454","105.7931875138846","14"
"21.02243841965301","21.02364593090468","105.792026478106","105.793214384082","13"
"21.02216730693955","21.02367529632093","105.78808999183529","105.7896880650833","38"
"21.02237471644262","21.02356130234584","105.7923326183855","105.7935342039663","17"
"21.022461264501867","21.02362037387697","105.7926505893001","105.7938183643324","11"
"21.022450539333818","21.02363318621589","105.7921130196967","105.7932970735736","12"
"21.022408189436288","21.02359090248456","105.7917260504942","105.792907025425","11"
"21.02236187898937","21.02360458291769","105.78693461807799","105.7881856872848","16"
"21.02238451642372","21.02355856131706","105.7920544601855","105.7932384092867","15"
"21.02209290436763","21.02358978143074","105.7874676951681","105.7890714142102","15"
"21.02237193795633","21.023596573196542","105.7865677327519","105.7878060116744","16"
"21.02231721899998","21.02355483246404","105.7865062103599","105.7877297668726","16"
"21.02236341353983","21.023557829109162","105.7928153591582","105.7940207352248","11"
"21.022378360697058","21.02356150068489","105.7915314804949","105.7927345377115","18"
"21.02231596428268","21.02355396407497","105.7922105018699","105.7934245441074","15"
"21.02234027877956","21.02347851105713","105.7923095583708","105.7934624935831","8"
"21.022304343833888","21.02345443944307","105.7923479868135","105.7935051710639","14"
"21.02224002671176","21.0233872888085","105.7923647025985","105.7935122224416","14"
"21.02228412173077","21.023448946093332","105.7923901568342","105.79355203985921","13"
"21.02220989728637","21.02342672154704","105.7924334366514","105.7936185151798","8"
"21.02233663133006","21.02354945659778","105.7919403403534","105.7931483935823","13"
"21.02230742080235","21.02349578292198","105.7919469858815","105.793133203549","12"
"21.02234428256823","21.02352607705134","105.7920001623628","105.7931913051355","7"
"21.02234142362627","21.02352381410293","105.7918517999174","105.7930492237594","13"
"21.022267607950898","21.02344885098473","105.7919078741135","105.7931099322154","14"
"21.022248842622638","21.02354236054188","105.7867718373389","105.7881038979074","15"
"21.022336213459358","21.02351993610321","105.7921401848241","105.7933165120491","16"
"21.02233490949584","21.02349685808113","105.7924954036373","105.7936592112272","12"
"21.02226270854802","21.02350713896489","105.7926589768968","105.7938342568581","17"
"21.02233942273006","21.02350477889767","105.7927426315828","105.7939139357228","12"
"21.022297802770908","21.02352622814202","105.7925560866732","105.7937598717349","13"
"21.02225035931852","21.0233965995211","105.7925683354311","105.79372839121861","10"
"21.02220052876185","21.02334249013464","105.7925541919346","105.7937222622871","13"
"21.02209008146107","21.0232369350379","105.7925466427002","105.79368977489361","11"
"21.022172105947778","21.023503704536292","105.78634890843","105.7876547796349","15"
"21.02225762419051","21.02351376618417","105.7915991014504","105.7928787139236","14"
"21.022214710727148","21.023397705309883","105.7928140442035","105.7939690274043","16"
"21.02210474399611","21.02330624463961","105.7928690691467","105.7940351418594","14"
"21.02225706910818","21.023451807286502","105.7900145393845","105.7917400380648","2"
"21.022228804987808","21.02341600220597","105.7921194771089","105.7933245789826","18"
"21.02215415257293","21.02336988536635","105.7915618195064","105.7928269972613","7"
"21.022256559144658","21.02341114002366","105.7925061647094","105.79366969721521","14"
"21.02213343521061","21.02335755435315","105.7924686889592","105.793642662516","14"
"21.02228414523313","21.02340882491855","105.7927432037087","105.7938932234884","8"
"21.02222096266801","21.023429402900693","105.786633170802","105.7878745149742","11"
"21.022182027322568","21.02339989658457","105.7866528425314","105.7878996982871","15"
"21.02214972067679","21.02336416021868","105.7866849945303","105.7879294375544","13"
"21.02218458664092","21.02337333926324","105.7920660590707","105.793249155711","8"
"21.02207856138445","21.02325648441741","105.7921243568164","105.793313682528","17"
"21.02221377747162","21.02337091866632","105.7918410861813","105.7930079168351","10"
"21.021883548715138","21.02337161153655","105.7906623195876","105.79242460986521","11"
"21.021874889354688","21.02338703221794","105.7875971207619","105.7892466394879","22"
"21.022141962114258","21.02333518262581","105.7917396003947","105.7929725849359","17"
"21.02213252302093","21.023319286827302","105.7923614672362","105.7935964342039","7"
"21.0220973727663","21.02327159219661","105.7923124223164","105.7935045941027","14"
"21.02206477924091","21.0232191719169","105.7922789338303","105.7934464555827","7"
"21.02215877804014","21.023345693829622","105.7920044726597","105.7931908204974","9"
"21.02213760947945","21.023312782998023","105.7919752879104","105.7931601432794","14"
"21.02213049013663","21.023288150335382","105.7919344465746","105.793100491638","17"
"21.02210313056364","21.02324730205385","105.7919708177942","105.7931272100114","17"
"21.022097811407388","21.0232962677462","105.7927623369608","105.7939096550184","17"
"21.02208735673619","21.02324180780526","105.7926142620046","105.7937429056858","16"
"21.02209438558566","21.023314005245542","105.7865502095648","105.7877889976271","15"
"21.021789708642387","21.02297361333515","105.7919366775665","105.7931143664776","12"
"21.02203802919916","21.02326097762452","105.7864811860773","105.7877323154625","14"
"21.02198733376341","21.023152544635742","105.7924944449906","105.7936458097348","9"
"21.022003581845148","21.02319357688903","105.7921784398046","105.793350506817","11"
"21.02170508331811","21.023234453834892","105.7857988765311","105.787453119508","101"
"21.02202679918933","21.02318477517183","105.7917227514471","105.7928845954423","6"
"21.022030469834117","21.02316929796575","105.7926956365558","105.7938629060928","12"
"21.02198534291009","21.023112060773972","105.792700703859","105.7938733977117","12"
"21.02194797304565","21.023070066296192","105.792707764236","105.7938816831837","10"
"21.02186139936951","21.02305600519708","105.7927088353667","105.7938969889183","9"
"21.021979070940038","21.02317482546766","105.7918651649742","105.7931145949155","15"
"21.02197321354673","21.02315612778296","105.7923467134259","105.793566112285","15"
"21.02196065628123","21.023157712659803","105.79155280130679","105.792788395486","11"
"21.02196165904888","21.023145082010952","105.7918271299065","105.7930350057472","15"
"21.02193993348542","21.023137491764462","105.7922028683592","105.7934373823109","8"
"21.02186706534663","21.0230504288511","105.7922424314738","105.7934751715579","18"
"21.021973621868188","21.02312757443482","105.7914832996928","105.7926593961328","18"
"21.02197095598971","21.02312418801418","105.7917870001515","105.7929460711751","19"
"21.02193232863903","21.02309131627114","105.791828364804","105.7929872548763","18"
"21.021889144916198","21.02304804406465","105.791857701952","105.7930451841432","19"
"21.02196770847094","21.02308498191332","105.7917602916114","105.7928849863121","6"
"21.02187958989697","21.023042249640042","105.7917269143172","105.792896782843","9"
"21.02191160534245","21.02308367703213","105.7915643896353","105.7927412997899","8"
"21.021948700879648","21.02311289630247","105.7919748240894","105.7931673927407","11"
"21.021880900335788","21.02306404724469","105.7924389907171","105.79364408638111","21"
"21.02185307937721","21.02305919529738","105.7923700318803","105.7935637702256","21"
"21.02191785133232","21.023060400571183","105.7925631301339","105.7937793057233","11"
"21.02187151209219","21.02303765975504","105.7919866724247","105.7931865098446","14"
"21.021837928412587","21.02301478612215","105.7920058991042","105.7932092791756","14"
"21.02179076413459","21.02298283619244","105.7920353908332","105.7932644755052","20"
"21.02185396874243","21.023050326637122","105.791480767639","105.7926957821576","13"
"21.021869267079378","21.02304720887139","105.7921642446554","105.7933386740222","8"
"21.02183605792509","21.023004928447293","105.7925305149808","105.7937748063093","14"
"21.021813382845128","21.02296117125243","105.7926289064818","105.7937883051892","8"
"21.02170370911581","21.022916252785873","105.79255526785239","105.7937396469917","14"
"21.02166935076837","21.0228197974021","105.7918026667025","105.7929721717171","19"
"21.0216976215562","21.02289582331312","105.7926430642819","105.7938093073353","12"
"21.021694293968608","21.02289501546326","105.7922603343605","105.7934650885737","16"
"21.02171328797403","21.022917738671982","105.7876842526579","105.7890102453043","6"
"21.02165431461111","21.02282618598221","105.7923341555322","105.7935175842361","16"
"21.02166765596363","21.022858774317243","105.7921262662578","105.793310544988","12"
"21.02164784437117","21.02282782983729","105.79208025614899","105.79324514898","14"
"21.02164343179252","21.022808081550412","105.79204593229579","105.7931915173998","12"
"21.02153938697033","21.022806458410432","105.7914940743445","105.7928091332006","18"
"21.021583872398278","21.02277244728829","105.7918605697807","105.7930189243068","16"
"21.02154272472781","21.022747908004682","105.7926473957509","105.7938439340564","15"
"21.02154591973125","21.02275496968615","105.7922179673705","105.7933704195738","14"
"21.02153227467031","21.02274168755322","105.792190462922","105.7933307727983","14"
"21.02155148561884","21.02272541765771","105.7917642989593","105.7929095381188","19"
"21.021517206075398","21.022704555967522","105.7925989431735","105.7937613288393","13"
"21.021567693608258","21.022718720936222","105.7923280231951","105.793479489872","7"
"21.02156108764729","21.02274096767706","105.7917920488137","105.7929385002772","15"
"21.02152377954284","21.02272867422977","105.7921606245116","105.7933034338978","15"
"21.02150316132062","21.022675142807532","105.7916574493009","105.79282535283821","15"
"21.02147354990257","21.02264060977271","105.7919924413698","105.7931398575799","15"
"21.02150892584227","21.02265470816949","105.7916021231426","105.792755037836","14"
"21.02129865230699","21.02267748249444","105.7852504845648","105.7870298655445","14"
"21.02133258210606","21.022524414283122","105.7928862359325","105.79405424164351","13"
"21.0212179250958","21.0224122283735","105.7928636788765","105.7940447764099","13"
"21.02118324767362","21.02237057454641","105.7927971821713","105.7939642808313","15"
"21.02133777027246","21.02259049772788","105.7912536543277","105.7924556003672","14"
"21.02134191410294","21.02254696502485","105.7927967572281","105.7939938333115","10"
"21.02128070915236","21.022501836992742","105.79246639695","105.7936842477192","8"
"21.02128370944853","21.022482629827262","105.7911774147897","105.7923489825866","15"
"21.02127681907036","21.02240593873423","105.7927600769446","105.7939145782331","10"
"21.02121661648242","21.02236595794102","105.792743900262","105.7938854876596","10"
"21.02132848050449","21.02249484811881","105.7921107567745","105.7933695161069","23"
"21.02117453997884","21.022394170467592","105.7910410988908","105.7922428530474","17"
"21.02125334349575","21.02237925312507","105.7918868179303","105.793044120799","13"
"21.02103793671374","21.02237905451172","105.7860538565133","105.7873402550569","6"
"21.02117777691971","21.02234086436762","105.7919367364023","105.7931411955548","18"
"21.02112653312468","21.022262530880642","105.7919439499077","105.7930904496811","15"
"21.02115273937132","21.02235691835747","105.7924932925231","105.7937079654039","7"
"21.02116354385661","21.02233849719525","105.79182623388999","105.7929679561178","9"
"21.02112335222557","21.02231785026634","105.7909790477828","105.7921445025096","8"
"21.02113952342155","21.02231008120914","105.7916778371002","105.7928257220126","20"
"21.02114893890434","21.0222951595486","105.7927315832878","105.7938948929202","9"
"21.02110963887029","21.022257783820212","105.79271406898","105.793878700228","8"
"21.02106884925309","21.02228494360864","105.7928294623659","105.79397661596231","9"
"21.02106997288798","21.02227572834624","105.7928664702066","105.7940199740974","14"
"21.02108576646801","21.02225518200539","105.791750438143","105.7929652380375","18"
"21.021006439934798","21.02222273555553","105.7908646661585","105.7920312906208","14"
"21.02097815719262","21.02220480340233","105.790798456002","105.7919990497722","16"
"21.02104077519516","21.0221928943301","105.7926771309002","105.793870068399","15"
"21.02101415073321","21.02215032109293","105.7926739068587","105.79386713611851","9"
"21.02093921608268","21.02209722606819","105.792637562782","105.7938187102834","11"
"21.020722441032508","21.02191899622132","105.7926302698403","105.79377004900441","15"
"21.020797442104207","21.02219965369031","105.78956802746549","105.7910655207201","17"
"21.021041548800078","21.02217231248002","105.7911041076983","105.7922557946184","16"
"21.021022396760358","21.022152971114","105.7928266525288","105.7940005167124","8"
"21.021015165183258","21.02212710977617","105.7909967513674","105.7921782343788","16"
"21.02099037901425","21.02209585762954","105.79100064443409","105.7921775646051","13"
"21.02096087285392","21.02212039731139","105.7909637971158","105.7920816739811","13"
"21.02095463661054","21.02207029472023","105.7910016773658","105.79217767886121","13"
"21.02093284983006","21.02209110917811","105.7914941735195","105.7927714408305","29"
"21.020794655187338","21.02200245966443","105.7928387640787","105.79401243511","7"
"21.02084020451174","21.02204941084744","105.7923204831846","105.7934895386883","9"
"21.02083531970942","21.022024195735302","105.7915142193911","105.79274202885941","17"
"21.02081143705706","21.022018096935152","105.79110750736","105.7922728175251","13"
"21.02085591509879","21.02199453218093","105.7916548010902","105.7928113071343","28"
"21.02077809464852","21.0219652239653","105.7916063230617","105.7927909127778","24"
"21.02077170941572","21.021987771956432","105.7917528106255","105.7929366301319","19"
"21.02074123668368","21.02190213899551","105.7908660548452","105.792086796995","19"
"21.02070767390642","21.02187607365914","105.7908796320918","105.7921098317516","17"
"21.02067319273036","21.021843300046342","105.7909039150544","105.7921320660579","17"
"21.02073192144481","21.02193629333518","105.7918250149102","105.7930134400396","7"
"21.02074037126432","21.02190781268722","105.7927386923631","105.7939952746197","12"
"21.0206653701799","21.02187224350382","105.7918662718925","105.7930757530096","21"
"21.02056089140167","21.02174556148397","105.7899975489478","105.7912475979108","7"
"21.020461867138838","21.021848806352562","105.7901846803402","105.791582348399","26"
"21.020709654720438","21.0218983097113","105.7921785515773","105.7933732079198","8"
"21.02038072972886","21.02189575798108","105.7852519969928","105.78709538752071","41"
"21.020447303731","21.02184136836183","105.7885855462899","105.7900378106569","22"
"21.02065661150724","21.02179435627691","105.7915652952596","105.7927320706204","7"
"21.02057725781836","21.02176102972414","105.7918803151657","105.7930459166927","13"
"21.02053122177309","21.02175729233588","105.7909669309465","105.7922342975337","17"
"21.02053257847587","21.021712041687522","105.79281063164589","105.7939772896209","24"
"21.02046352297893","21.02171526662912","105.7928330302137","105.7940576121409","23"
"21.020240844794667","21.02176056965754","105.78479110453439","105.7863661283466","51"
"21.02052627536052","21.02168963297774","105.7899189124137","105.791058917823","10"
"21.0205008091109","21.02168101930124","105.7899514049464","105.7911002918713","14"
"21.02048495323536","21.021667776644342","105.7899792610819","105.7911335467932","16"
"21.02047112021667","21.021657726120292","105.7900140726076","105.7911530277547","17"
"21.02046344205409","21.02164534540969","105.7900387798476","105.7911868700917","18"
"21.02039052229446","21.02160488794773","105.7897032829913","105.7908894715869","10"
"21.020416592488978","21.02156335966059","105.7903031977371","105.7915015857492","10"
"21.02038246009371","21.021525909773842","105.7902864639641","105.7914830538446","12"
"21.02033266541736","21.02156702986441","105.7903868158603","105.791622061999","22"
"21.020365719664078","21.02152137353907","105.7900979171749","105.7913265909761","17"
"21.02042659600006","21.02155507800007","105.789918855","105.791056793","16"
"21.02037145185637","21.021498388185712","105.7902398896004","105.7913663984757","18"
"21.02035650311965","21.02148767681448","105.7902759587929","105.7914139550871","18"
"21.02034672091326","21.02147451753409","105.7903260195075","105.7914768677622","13"
"21.02031131961707","21.02148466147121","105.7900651874488","105.7912460752772","16"
"21.02028907096235","21.02146744090491","105.7901392185266","105.7913236789053","11"
"21.02030702806032","21.02145293442729","105.7897513625386","105.7909508964102","17"
"21.02026114866279","21.021419385451132","105.7897207020582","105.7909378989749","18"
"21.02019761330102","21.02136608708675","105.7897242478471","105.7909235466221","12"
"21.020140478176078","21.02130289119018","105.7897191482117","105.790900457818","4"
"21.02006279879137","21.02147661135113","105.7850653487995","105.7865264952551","30"
"21.02024551818963","21.0214439872231","105.791338181568","105.7925149733784","11"
"21.0202769036757","21.02142980305955","105.7903671038998","105.7915729360672","16"
"21.020184047236768","21.02141012032623","105.79113104485779","105.7923636761391","15"
"21.01988754743194","21.02141118297748","105.7844648284369","105.7858904185518","7"
"21.019785051625","21.02134208772378","105.7916722018602","105.7933168116023","35"
"21.01994863298355","21.021146672499192","105.7913188421478","105.792569687012","24"
"21.01989330293386","21.021096239669312","105.7913545832507","105.7925960880935","19"
"21.0198569096063","21.02103657007142","105.7913874611959","105.7926140285576","21"
"21.01982282113039","21.020992594040482","105.7914082985333","105.7926251160336","22"
"21.01979817710679","21.020964721517252","105.791429026966","105.7926456855785","22"
"21.01976976700168","21.020934354938262","105.7914421037711","105.7926631796664","21"
"21.01972891413828","21.02090595821346","105.7914609897659","105.7926897278487","21"
"21.01964339438755","21.020806644111662","105.7915162946705","105.7927487151166","15"
"21.02005519760127","21.02122032189465","105.7914440436235","105.7926456123236","19"
"21.020004016382018","21.02120200292864","105.7914825814302","105.79267654665671","19"
"21.01997827512102","21.02117283719577","105.7915092372588","105.7927001303174","18"
"21.01995973250309","21.021152427670632","105.7915321391535","105.7927246592148","18"
"21.019930362745217","21.02112993958979","105.7915581150236","105.7927545159655","18"
"21.01991197632531","21.0211107687871","105.7915852111105","105.7927802249792","18"
"21.01988713570919","21.02108659839737","105.7916072070896","105.7928109902246","21"
"21.01987014779532","21.02106258693173","105.7916425409189","105.7928380267607","14"
"21.01986257138744","21.02104444447437","105.7916705496301","105.7928657394128","16"
"21.019822391558257","21.02098765972592","105.7916900098337","105.79285667378551","17"
"21.019772583787358","21.020996434574652","105.7917152847186","105.7929347878996","21"
"21.01975066008797","21.02094051025546","105.7917706068387","105.7929665310361","19"
"21.01972379618892","21.02092058123036","105.7917978213318","105.7930163184592","19"
"21.01970822303166","21.020894543833222","105.7918434588541","105.7930333886202","8"
"21.019681334930468","21.020875611966282","105.7918565163219","105.793064173416","19"
"21.0196599970052","21.02085325706007","105.7919005992379","105.7930860730082","18"
"21.019646236644068","21.02081893713625","105.7919305901481","105.7931097315538","17"
"21.01961522832034","21.02080684023717","105.7919465717287","105.7931462953125","19"
"21.01959352480137","21.020786447206152","105.7919743969808","105.7931768823738","17"
"21.01956926477974","21.0207575232924","105.7920037258259","105.7931924757282","17"
"21.01954635979611","21.02073435131328","105.7920286149759","105.7932235052011","20"
"21.019526149467477","21.02071397605293","105.7920585540986","105.7932634301246","17"
"21.01950989648377","21.02069542014646","105.79209400223","105.7932937141104","13"
"21.01949255237308","21.020678627131232","105.79212051773379","105.7933118400949","14"
"21.01945725488103","21.02065645422478","105.7921383815818","105.793335643602","21"
"21.01943004839017","21.02063098091041","105.7921661863484","105.79336676869","21"
"21.01940557151184","21.02060876428564","105.792195553486","105.793409723002","19"
"21.02007813400008","21.021230995000032","105.7907904250001","105.7919869510001","9"
"21.01977766700004","21.02113891000005","105.7861030880001","105.7874605580001","6"
"21.019554965423218","21.02101166775953","105.7829363326514","105.7843377488385","28"
"21.01970850601705","21.021070920671562","105.7897041445567","105.7912362370909","17"
"21.01965695938743","21.02107496939016","105.7895518992392","105.79123840121851","17"
"21.01976704507883","21.020934287383792","105.7916013728095","105.7927876761815","19"
"21.01971654238254","21.020890417811362","105.7916250862533","105.7928266813266","24"
"21.01969178079602","21.02086091384459","105.7916618815959","105.792868671797","14"
"21.01966830627828","21.02083293992068","105.7916888983675","105.7929036153357","14"
"21.019645157237978","21.020806298647862","105.791715604299","105.7929189855688","14"
"21.01961569886749","21.02078791471352","105.7917283296719","105.7929601277855","13"
"21.019583889764828","21.02073907028787","105.7917412648188","105.7929274054798","13"
"21.019612794009728","21.02076633373245","105.79183298524539","105.7930000424164","19"
"21.019551178050598","21.02070694378285","105.791752101679","105.7929449954896","15"
"21.01951565728739","21.02068004611234","105.791763474363","105.7929626100361","20"
"21.01949676248617","21.020645162614702","105.7917873004272","105.7929803904235","19"
"21.0195822026338","21.020722698640572","105.7918597885251","105.7930311008426","17"
"21.01946199312038","21.020622065826842","105.79180333659829","105.7930008744128","17"
"21.019544377465937","21.02070423414796","105.7918778586894","105.7930713300974","14"
"21.01943337939196","21.020587914884832","105.791818233982","105.7930191051415","18"
"21.01951446002683","21.02067106023965","105.7919030545313","105.7931078716825","14"
"21.01948375261589","21.02064624429257","105.7919197570508","105.7931385986057","15"
"21.019405091705078","21.020564526443362","105.7918282136701","105.7930343100231","17"
"21.019456118725518","21.02062180867469","105.7919409396801","105.7931673233835","15"
"21.01937633136203","21.020538201167092","105.7918496364309","105.7930511544381","20"
"21.019426229127617","21.02060218709117","105.7919559329063","105.7931890077526","18"
"21.01935260791727","21.02050407737217","105.7918689153162","105.7930631807475","15"
"21.01940031327288","21.020574067373932","105.7919731315623","105.7932037567591","19"
"21.019321259794538","21.020478837706982","105.791884214559","105.7930840051084","7"
"21.01934261162355","21.02053299816798","105.7920571226545","105.7932355678589","17"
"21.019327805068748","21.0205088489957","105.7920260068209","105.7931982296622","17"
"21.019291102900958","21.02045107306962","105.7919045545383","105.7930988308122","13"
"21.01926231929278","21.02100674930086","105.7836849514001","105.7857023345716","39"
"21.01962161217893","21.02100608212775","105.7832569476279","105.7847224246146","15"
"21.01956710004414","21.02079576648845","105.7915216970091","105.7928081984672","27"
"21.01952504779577","21.020725278498062","105.7915602624914","105.7928282420234","25"
"21.019497741174987","21.02067751000472","105.7916279901831","105.7928402984521","17"
"21.01945782626024","21.02063293689196","105.7916423951069","105.79286215138521","18"
"21.019414887702638","21.02060045974814","105.7916644325329","105.7928890425211","17"
"21.01940089269871","21.020559850895133","105.79169058742819","105.7928971936124","16"
"21.01934776503398","21.02053637347624","105.7917006983114","105.7929238000287","25"
"21.019320079935998","21.02048647388145","105.791725127969","105.7929423707884","14"
"21.01939262700008","21.02075213800002","105.7879599190001","105.7893864590001","6"
"21.019563854000058","21.02073247900007","105.789075891","105.7902492370001","7"
"21.01944210600005","21.02072974700009","105.78918869500009","105.790463393","7"
"21.0193468643134","21.02057736491498","105.7923391830001","105.7935359467546","19"
"21.01932275851491","21.02054203600007","105.7922930060001","105.7934828661483","21"
"21.01930481730011","21.0205160648905","105.7922514060833","105.793439402665","17"
"21.01931782242706","21.02055358013965","105.7893275282711","105.7905549600484","6"
"21.02018911763987","21.02137767402429","105.7914200971086","105.7926259809136","11"
"21.025872568375288","21.027247132388812","105.7919924070215","105.7933661364864","6"
"21.02570071144874","21.02687788919703","105.7865602727522","105.7877755476631","6"
"21.02374453600005","21.02529966500003","105.789054773","105.79059197","21"
"21.02164375810601","21.02281479799529","105.7928105762062","105.793983991955","15"
"21.02165317679251","21.022822699270822","105.7929314709777","105.7940994704534","10"
"21.02222222301992","21.02343844507549","105.7928796692931","105.7940424070246","14"
"21.02517817594077","21.02633374903124","105.792549386735","105.7938457935063","6"
"21.02521122644297","21.0263632230829","105.7925511522637","105.7938115288775","8"
"21.02525547141638","21.026413136208692","105.7925745385628","105.7938468915974","7"
"21.02531009542662","21.026473844307223","105.7925875699169","105.793859304754","13"
"21.02529885071684","21.02645205784639","105.7925893204251","105.7938278215899","7"
"21.025282947274388","21.02643822980508","105.792787829898","105.7940615385178","15"
"21.02526303638508","21.02640684381869","105.7927822527611","105.794047796413","7"
"21.02523331540708","21.02638184339363","105.7927723778756","105.7940271672475","14"
"21.02520629204675","21.0263555382976","105.7927651357348","105.7940169670112","12"
"21.02516089240891","21.02633144965392","105.7927535238664","105.7940127069266","14"
"21.02513238750269","21.02626838244059","105.7927972380794","105.7939891555574","7"
"21.0251114464558","21.02625040294546","105.7927672808152","105.7939746671708","8"
"21.0250807018252","21.02622448019985","105.79275236320589","105.7939856256814","6"
"21.02505647361087","21.0262018186618","105.7927342907966","105.7939718494394","11"
"21.025025180017188","21.02617636562618","105.7927246945526","105.7939596175663","13"
"21.02500094020785","21.026143609752822","105.7927273422709","105.79396675006011","6"
"21.02492899019386","21.0261203522335","105.7927118623861","105.7939643127533","8"
"21.022631344000068","21.02385890100004","105.787830166","105.7890326890001","16"
"21.022669786000048","21.02389056100003","105.7878585870001","105.7890667720001","15"
"21.02269359100006","21.02391413100002","105.7878908420001","105.789102874","16"
"21.02271881300003","21.02393603500007","105.787930879","105.789132555","18"
"21.022739549000068","21.02395977900004","105.7879599120001","105.789170008","18"
"21.02276571400007","21.023981531000082","105.787991359","105.789198984","16"
"21.022785956000067","21.02402416900001","105.7880121460001","105.7892351340001","18"
"21.02283227300006","21.02406013100007","105.788088411","105.7893018430001","21"
"21.02250845200009","21.023731288000082","105.787933959","105.7891397460001","16"
"21.02255927100002","21.02377636700005","105.78800064000009","105.789209682","16"
"21.02258120700003","21.02379971400006","105.7880347230001","105.7892410890001","15"
"21.02251093100005","21.02375255300008","105.7879701960001","105.7891942710001","15"
"21.02267249700003","21.02389281500005","105.7881709420001","105.789378131","19"
"21.02265292900005","21.02387152300001","105.788139427","105.7893421670001","15"
"21.02260284700002","21.02382047700006","105.7880681600001","105.789273269","18"
"21.02262502600006","21.02384950400006","105.7880978700001","105.7893137720001","16"
"21.022697277000088","21.023917015000052","105.7882014340001","105.789411064","19"
"21.02763895200009","21.02890889200006","105.792349523","105.7936559610001","7"
"21.02551797800006","21.02677916400006","105.7845548970001","105.7859856200001","48"
"21.02499108170526","21.02610647138093","105.7928898995901","105.7940246385264","7"
"21.02493193083101","21.02607960899686","105.7928818776292","105.7940107072049","12"
"21.02498560125222","21.026132481054162","105.7928905668888","105.7941257639233","10"
"21.02503753807374","21.02618338056089","105.7929014001784","105.7941349675749","15"
"21.02508731132551","21.026235957143932","105.7929072681136","105.7941613560121","10"
"21.01934094368333","21.02081785344998","105.7831800187217","105.7847836222851","47"
"21.02262726700009","21.02378569000006","105.792502115","105.7936632170001","26"
"21.022647875000068","21.023798483000082","105.7925449530001","105.7937123930001","18"
"21.02246958685501","21.02362071869307","105.7924514728447","105.7936259034415","11"
"21.021616527000027","21.02280132400007","105.79188920600009","105.793054725","16"
"21.02107559900004","21.022288549000052","105.7909470260001","105.7921191320001","16"
"21.02141611600008","21.02263061300005","105.791806443","105.7929680430001","17"
"21.02385848200004","21.02502561200006","105.7928795940001","105.7940719800001","21"
"21.02194679038072","21.02305591557474","105.7928041103747","105.7939512962466","13"
"21.023974180000017","21.025161916000062","105.7927963380001","105.793919159","15"
"21.0213583106802","21.02249676658707","105.791640397508","105.7928021414857","17"
"21.02423949000007","21.02539407800005","105.792680278","105.793812512","8"
"21.01913701163651","21.02030612546092","105.790089494958","105.7912597875647","19"
"21.01909006848014","21.02025852777649","105.7901116807151","105.7912982537787","19"
"21.01904758066361","21.02023399434564","105.7901348378895","105.7913839510005","19"
"21.01897397079652","21.020191339691632","105.7901579377523","105.7914272998883","19"
"21.019158819552118","21.02034135794397","105.7917994070771","105.7930318419956","21"
"21.01914031190164","21.020353428471402","105.7919459195532","105.7931431154883","15"
"21.01906971710671","21.02028824089983","105.7918269706835","105.7930883737022","26"
"21.01880210300006","21.02037288900006","105.7875633840001","105.789097412","11"
"21.019076312524458","21.02030253582927","105.7899221756587","105.7911947829387","13"
"21.01902851641016","21.020210535545992","105.7899958490118","105.7912196781464","21"
"21.0189255917422","21.02016874485515","105.7900044410427","105.7912767723266","13"
"21.01893333200009","21.02030636500007","105.7907812850001","105.7921039550001","18"
"21.01889011200007","21.02021806300008","105.7913270650001","105.7926095820001","19"
"21.01893821600005","21.02018479500004","105.7913138790001","105.7925296110001","22"
"21.018853471000067","21.02014114600007","105.7911879540001","105.792463382","15"
"21.01880473925137","21.02003010685009","105.7913795588759","105.7926898233377","13"
"21.01877387711063","21.019980543000052","105.7912807990001","105.7924707640302","22"
"21.01874701938981","21.01995305500002","105.791233301","105.7924239611403","20"
"21.01878985000008","21.01996704200009","105.7911099130001","105.7923224960001","9"
"21.01882513900004","21.020101758000052","105.7910323180001","105.7923027140001","8"
"21.01898762721418","21.02018354649073","105.7911626411249","105.7924178500013","8"
"21.01863495783303","21.01991888198765","105.7910206020185","105.7923734373499","21"
"21.018732724934928","21.02000361606782","105.79094075923079","105.7921886504906","16"
"21.01862152100006","21.020166901000042","105.7872985870001","105.788816254","13"
"21.018694388000018","21.02013765100002","105.7865309370001","105.788018278","15"
"21.01875589700007","21.01998639000006","105.791487244","105.792744621","25"
"21.01862361498657","21.01981946262071","105.7914626463275","105.7926506706595","26"
"21.01872480997762","21.01991783500006","105.7914402640001","105.792622545073","15"
"21.01852322900005","21.01983140000006","105.7915521840001","105.7927952110001","23"
"21.01870734621721","21.01989284400003","105.79139670000009","105.7925665316321","16"
"21.018680875463108","21.01986967100003","105.791345736","105.79252480269061","19"
"21.01865382621672","21.019842559000022","105.7913019960001","105.7924770825492","18"
"21.01862772700002","21.019818980000032","105.7912533840001","105.7924320760001","20"
"21.01858443447467","21.01976610676489","105.79117926616419","105.7923463323437","17"
"21.01855675226371","21.0197459715419","105.7911308420425","105.7922969663268","20"
"21.0185391304158","21.019715874240042","105.7910851759041","105.7922479303402","19"
"21.01876855400008","21.019967288000032","105.7908787160001","105.79206036000011","15"
"21.018750781000048","21.01994593400006","105.790854455","105.7920283010001","14"
"21.01873402800002","21.01993114900004","105.7908229280001","105.7919987910001","14"
"21.01872019800004","21.01991601300007","105.79079720200009","105.7919709880001","15"
"21.01870317500003","21.01990091300006","105.7907726390001","105.7919481070001","19"
"21.01868249600008","21.01988730700005","105.790735533","105.7919203120001","14"
"21.01866353900006","21.01986676000007","105.7907040450001","105.791886294","15"
"21.01864701900006","21.01984792000007","105.790676863","105.7918548820001","12"
"21.018627444000078","21.01983031600001","105.7906427810001","105.7918275130001","12"
"21.01860655000007","21.01981028800003","105.790609369","105.7917950690001","11"
"21.018592388000048","21.019789849000063","105.7905842100001","105.7917604530001","11"
"21.018577052000058","21.01977444900006","105.7905588140001","105.7917369730001","13"
"21.01856198500009","21.01975804700002","105.79053423","105.7917115640001","19"
"21.01854035700006","21.01974243600005","105.79049975","105.7916865880001","15"
"21.01851930200008","21.01972181300007","105.79046459199999","105.7916507570001","13"
"21.018495881000018","21.019700254000043","105.7904291250001","105.7916158610001","13"
"21.01847897700002","21.01967851500008","105.790400757","105.7915770470001","12"
"21.01847475800003","21.01999172100006","105.78785314700009","105.78932892","7"
"21.01845226856791","21.01977585406063","105.7912599258088","105.7926158381966","20"
"21.01865334929206","21.01980652479407","105.7909458842471","105.7921198984655","7"
"21.01859730748507","21.01975327225625","105.7909518749743","105.7921439426541","14"
"21.01855756358608","21.01973334819004","105.7909400493873","105.7921629195532","17"
"21.01852656637644","21.019694596543722","105.7909534693316","105.7921650876775","19"
"21.01848808526822","21.019674193469292","105.7909635158396","105.79218390481","20"
"21.01844704020168","21.01963906218599","105.7909837771654","105.7922188666801","24"
"21.01829385400005","21.01978774900004","105.7875919730001","105.7890737320001","13"
"21.018203091000018","21.01975540300005","105.7866919370001","105.7881872830001","14"
"21.018392028517628","21.01970877496538","105.7907791937675","105.7920717878092","16"
"21.018374935647188","21.01957243478895","105.7908198301384","105.7920010831272","16"
"21.01846696213157","21.019670901907972","105.7907369967012","105.791924710296","16"
"21.01834872891176","21.0195517458579","105.7907893819099","105.7919697723576","16"
"21.01843080066301","21.01964269490876","105.7906945900185","105.7918883034516","21"
"21.018412951415968","21.019614652921963","105.7906591811025","105.7918409623487","15"
"21.01833882713834","21.01952744405542","105.790760214646","105.7919339653491","16"
"21.01839082493978","21.01959505219931","105.7906178147269","105.7918045137498","14"
"21.01831940503492","21.01951035722299","105.7907247661824","105.7919018155045","13"
"21.01836957355991","21.019569489523132","105.7905732917034","105.7917575536768","15"
"21.01828412550999","21.01949154169177","105.7906695277394","105.7918682664081","14"
"21.018268409483838","21.01946329906664","105.7906339347728","105.7918149006168","15"
"21.018339822819158","21.019542135542572","105.7905270561924","105.7917139223094","16"
"21.01823220584635","21.01944083517008","105.7905870980121","105.7917787482766","20"
"21.01831932655177","21.01951170914501","105.7904936889845","105.7916681185021","16"
"21.01821529274143","21.01941503379573","105.79055381910639","105.7917322826216","15"
"21.0182986502956","21.01949227719261","105.7904487260528","105.7916350181021","16"
"21.01825960656306","21.01946832762619","105.7904070064698","105.7915918551021","18"
"21.01817585687045","21.01937641587808","105.7904866743085","105.7916707591","16"
"21.01823897549562","21.01944730085363","105.7903701969249","105.7915498367166","13"
"21.01815415633725","21.0193515796377","105.7904509468696","105.7916308337672","20"
"21.01823092616067","21.01942304736377","105.7903425368333","105.7915103448794","12"
"21.01812899803177","21.01933006898001","105.7904082002993","105.7916001793439","13"
"21.018207425521048","21.01940615390244","105.790302142428","105.7914871829089","19"
"21.01811800432857","21.0193109366516","105.7903794765537","105.7915542492039","16"
"21.018187733031688","21.01938544600586","105.7902767535137","105.791448626062","14"
"21.01809302311175","21.019295445306952","105.7903428828189","105.7915297882713","16"
"21.01816124538193","21.01936674135555","105.7902296935103","105.7914234809622","16"
"21.01807042224035","21.019267034856952","105.7903030088213","105.7914888741003","16"
"21.01814028600489","21.01933608111489","105.7902017375","105.7913769750741","14"
"21.01838015992832","21.019656459566562","105.7911275601459","105.792404287763","22"
"21.018467233009208","21.01964741484491","105.7895180034932","105.7907183916909","19"
"21.01843291351275","21.01959428550544","105.7894705343505","105.7906312541508","19"
"21.01842560121161","21.019603815083702","105.789556036527","105.7907671375971","18"
"21.01838714230764","21.019547430706762","105.7894962875162","105.7906599496158","20"
"21.01840542899929","21.01956251969502","105.78959829238269","105.79078447610691","15"
"21.01835351315665","21.0195124981993","105.7895218225532","105.7907033111931","19"
"21.018372301061188","21.019532222269532","105.7896226891347","105.7908199782944","16"
"21.01831492239165","21.01947908352198","105.78955027877299","105.7907320566761","17"
"21.01832006289268","21.01948685212348","105.7896504139262","105.7908403431914","15"
"21.01828123299348","21.01943058411443","105.7895820266498","105.7907511962168","20"
"21.0182380990385","21.01940526559719","105.7896053023168","105.7907962647017","20"
"21.0182527521835","21.01941860182912","105.7897208261938","105.7909128472984","17"
"21.01822190377268","21.01937377925788","105.7897489385563","105.7909227799752","17"
"21.018167419974638","21.01933197768773","105.7896629876919","105.7908531130775","16"
"21.01816082586317","21.019338603805352","105.7897380684587","105.7909532052665","19"
"21.01812724629599","21.019275532534802","105.7896865297712","105.79084736281101","17"
"21.01811155330307","21.01929201487053","105.7897763852958","105.7909752874795","23"
"21.018084421818408","21.01924331463966","105.7897178022418","105.7908868111384","15"
"21.01843745607924","21.019647135242202","105.7903395570472","105.7915276903277","19"
"21.01841563825531","21.01962573837434","105.7902968064335","105.7914943962074","17"
"21.01839117708218","21.0196000602301","105.7902607457103","105.7914532529446","14"
"21.01836455109461","21.01957541249713","105.790219348446","105.7914104039298","16"
"21.018347044468438","21.019550558505053","105.7901937710514","105.7913768888609","17"
"21.018336917416498","21.01953036486655","105.7901707307671","105.7913475343411","17"
"21.01831393223356","21.01951688148572","105.79013152063","105.7913234004554","15"
"21.0182841652312","21.01948925356029","105.7900889603797","105.7912696715759","15"
"21.018268199271798","21.019468200834392","105.7900561156754","105.7912325668065","23"
"21.01823711382609","21.01943860551075","105.7900020350218","105.7911855476181","13"
"21.01816744903737","21.0194148580243","105.7899071084286","105.79114893284451","13"
"21.018403842938568","21.01956808361204","105.7910453396966","105.7922466834463","11"
"21.0183723988675","21.01954324727571","105.7910568252149","105.7922641665151","11"
"21.01833960982131","21.01951506028737","105.7910604808946","105.7922712816529","14"
"21.01830912519709","21.01949413289391","105.7910846406621","105.7922963288002","20"
"21.01826200458167","21.01946234347968","105.7911191086068","105.7923365950371","16"
"21.018384914413208","21.01955015031386","105.7893712369379","105.7905544577701","18"
"21.01834811247312","21.0195074012654","105.7894039748857","105.7905846784312","19"
"21.01834532838923","21.01949919168604","105.7893107472619","105.7904816904848","14"
"21.018306628422557","21.019462832348513","105.78933782812629","105.790508525123","15"
"21.01827505932431","21.01943252372254","105.7894632527576","105.7906525446536","14"
"21.018266452669398","21.01942362129325","105.7893603547027","105.7905382815296","19"
"21.01823019106671","21.01938932342416","105.7894849096104","105.7906597009168","18"
"21.01822770536779","21.01939150822027","105.7893824287789","105.7905662764331","16"
"21.01819140045426","21.019346622707662","105.7895091466933","105.7906852240971","17"
"21.01818489221321","21.019351022345752","105.78940997396519","105.7905910839861","14"
"21.01815487705295","21.01931216646034","105.7895399187772","105.7907162751306","18"
"21.01814681638426","21.0193056852811","105.7894381835407","105.7906148016709","18"
"21.018120516199218","21.0192724405941","105.7895668633356","105.7907454921537","14"
"21.01810814887087","21.01927060569134","105.7894626379938","105.7906423072891","15"
"21.01806872887807","21.01923388228795","105.7894898086468","105.790677516153","19"
"21.01807805607523","21.0192356762651","105.7895969475349","105.7907737735708","14"
"21.01802733398042","21.01919806424443","105.789512566912","105.7907016235223","18"
"21.0180306202747","21.01920134284366","105.7896123065949","105.7908043623991","19"
"21.017989276342508","21.01915222626188","105.7895412397474","105.79072373648471","20"
"21.01799587849679","21.01915814058077","105.78964673232839","105.7908299331347","19"
"21.017950481201648","21.0191131192981","105.7895693479756","105.79074989950391","19"
"21.01795979022509","21.01911934837502","105.7896703295058","105.7908542628418","16"
"21.01791334225647","21.01907315416567","105.7895960015683","105.7907747975128","18"
"21.0179161564465","21.019082275991952","105.7896944853615","105.7908837775903","17"
"21.01787061232841","21.01903797030286","105.7896203912304","105.7908054013101","18"
"21.01788617105347","21.01904028049966","105.7897247019295","105.7909065935323","16"
"21.01783698945345","21.018997545533512","105.7896495170456","105.7908334964527","16"
"21.017842012089428","21.019006231140292","105.7897542363785","105.7909385529383","19"
"21.017791445943327","21.01896379511382","105.7896746019313","105.7908568550867","19"
"21.017805875460528","21.018962349638063","105.7897786669709","105.7909552200973","17"
"21.017752787561108","21.01892037562996","105.7897040558131","105.7908815975538","19"
"21.01776347660756","21.018928610776342","105.7898052201568","105.7909897879722","21"
"21.01772087226246","21.018882418933742","105.7897287333158","105.7909135423812","22"
"21.01772256641911","21.01889037529834","105.7898328961463","105.7910231258767","15"
"21.017676644955948","21.01884330502959","105.7897498718402","105.7909434833803","21"
"21.01768631118242","21.018849141390582","105.7898643348695","105.7910507770381","16"
"21.01764666483166","21.01880188665984","105.78979067898639","105.7909628140503","18"
"21.01761332675622","21.018815870567582","105.7898135271426","105.7910695470006","26"
"21.0175736604277","21.01873345378171","105.7898417594752","105.7910180536601","18"
"21.01761375519988","21.01877773782106","105.7899103200533","105.7910987664584","21"
"21.017538154684058","21.0187110443244","105.789928899691","105.7910972777197","18"
"21.01750762208557","21.01868544965743","105.7898756227928","105.7910602977672","20"
"21.01758288400002","21.01875936700005","105.790001224","105.7911770840001","22"
"21.01799996600003","21.01956037100006","105.7864046870001","105.7879593330001","13"
"21.01818968099904","21.019410536674332","105.7908701201165","105.7921006109377","20"
"21.01817392046609","21.01936715550268","105.7908452033565","105.7920223326233","17"
"21.01808813800006","21.01927332900005","105.7908657670001","105.7920353430001","22"
"21.01817477500003","21.01935699800002","105.7908089270001","105.7919764650001","16"
"21.01815270600005","21.01933903100009","105.7907763400001","105.7919472090001","19"
"21.01804711500006","21.019319835000022","105.7907445060001","105.7919729910001","19"
"21.017870605000038","21.01937522300005","105.786992308","105.7884815240001","8"
"21.01809768290509","21.01928109885983","105.7900130771401","105.7912313844963","16"
"21.018025825682468","21.01921397820232","105.7900541144668","105.7912703537416","23"
"21.01799801355704","21.01917291992884","105.7900748058538","105.791288690852","18"
"21.01796766279648","21.01915350886803","105.7900890023772","105.7913160641742","14"
"21.017938336996","21.01912298292184","105.7901143502525","105.7913338344671","17"
"21.01791073298789","21.01909659883281","105.7901311784986","105.7913571839038","14"
"21.01786775336736","21.01906014340167","105.7901512218716","105.7913790258635","16"
"21.01783851190583","21.019017601807132","105.7901854648262","105.791391897534","16"
"21.0178076490906","21.01898127914156","105.790215003312","105.7914168262901","17"
"21.01776053428036","21.018953236800872","105.7902262859292","105.7914481719391","16"
"21.01773273705688","21.018914077840172","105.79026082315539","105.7914764741876","15"
"21.01769219900007","21.01888942400006","105.791305223","105.7924954480001","21"
"21.018078953877428","21.01924841404242","105.7917211799873","105.7929307191243","23"
"21.01804204474869","21.0192279032807","105.7918244435509","105.7930649929767","21"
"21.01797900179819","21.019169650883942","105.7917984811157","105.7929769300826","16"
"21.018040581980898","21.019217264212912","105.7916908995206","105.7928557143923","20"
"21.01799414364812","21.01920167872662","105.7918716404227","105.7931190221827","18"
"21.01795285804062","21.01914921963485","105.7917600359549","105.7929396823002","18"
"21.01793421627144","21.019120950348892","105.7917227184326","105.792899052948","18"
"21.018001913907938","21.01919295094101","105.7916223325217","105.7928044512448","20"
"21.01796727749174","21.01916345636033","105.7919020571851","105.7931350288509","21"
"21.017936392857838","21.01911802605663","105.7919384805888","105.7931495112004","21"
"21.01790626234489","21.019099968002852","105.7919703327124","105.7932137714687","18"
"21.01798406700004","21.01917809300004","105.7915827670001","105.792759538","20"
"21.01783405981893","21.01903948751547","105.7919969524437","105.7931788396851","18"
"21.01796158800006","21.01915636300004","105.7915460510001","105.7927218440001","20"
"21.0177940186525","21.01895686775522","105.79197564255959","105.7931788312895","18"
"21.017863077000058","21.01905306000005","105.791591951","105.7927659740001","18"
"21.01794088900006","21.019134947000072","105.7915113810001","105.7926845070001","19"
"21.01784529314072","21.019019532428672","105.7918954879277","105.793084443762","19"
"21.01777702200009","21.01895333300007","105.791990506","105.7931872350001","17"
"21.01784188000006","21.01903388700002","105.791556947","105.7927358460001","21"
"21.01791695700008","21.01911471300007","105.7914739320001","105.7926507670001","18"
"21.017800816002318","21.01897887832327","105.7918604041073","105.7930563421436","16"
"21.01771294157872","21.01891663371729","105.7919311604146","105.79314676974491","18"
"21.01782268100003","21.01901066900006","105.7915266700001","105.792700584","19"
"21.01789742400007","21.01909285800006","105.7914372640001","105.7926130760001","20"
"21.0177527268559","21.018938106895902","105.7918267850974","105.7930296599245","20"
"21.01767102485323","21.018833669512702","105.7919002017994","105.793093907469","16"
"21.01779936000002","21.01899344700007","105.7914861710001","105.792668651","15"
"21.01787400200005","21.01907146900005","105.7913990860001","105.792576866","19"
"21.017709094201308","21.01889040029528","105.7918102492448","105.7930021826529","20"
"21.01777915700007","21.01897141600005","105.7914561450001","105.792629876","18"
"21.017851640000078","21.01904642800002","105.7913603670001","105.7925408080001","22"
"21.01776103500005","21.018950790000062","105.7914230530001","105.7925962740001","17"
"21.01774001600007","21.01893250900003","105.791388134","105.792566117","18"
"21.01783071400006","21.01902094800003","105.7913273340001","105.792501673","21"
"21.017718541000008","21.01891286200004","105.79134753300009","105.7925311640001","20"
"21.017811807000058","21.01899919800007","105.7912920900001","105.7924680350001","25"
"21.01778151300002","21.01897600400003","105.7912437470001","105.7924319320001","24"
"21.0176288169781","21.019317070722693","105.7890500056681","105.7908147615732","27"
"21.018058983430418","21.01922339386175","105.7898377186949","105.7910251465534","17"
"21.018019993711338","21.01918217399703","105.7898731336994","105.7910506304475","20"
"21.018013245665568","21.01918740187673","105.7897731612413","105.7909516592318","14"
"21.01793627328781","21.0191364470617","105.78989232539409","105.791099433423","15"
"21.01797176983459","21.01913956927149","105.78978964531","105.7909811619543","17"
"21.01793303988831","21.01909116123535","105.78981542998869","105.7909948795615","17"
"21.01790115551038","21.01906458768239","105.7899447762505","105.7911280071551","16"
"21.01789590538533","21.01905622222475","105.7898429995664","105.7910196893166","18"
"21.017854424197377","21.01901958003052","105.789968255841","105.7911502042956","23"
"21.01784619883233","21.0190159497584","105.7898583719091","105.7910491614271","20"
"21.01782106086733","21.01898164503341","105.7899935998079","105.7911728764782","20"
"21.01781424638989","21.01897552592062","105.7898952240506","105.7910728160295","15"
"21.01777550944074","21.01893457100022","105.7899161854585","105.7911006566991","21"
"21.0177382894675","21.018897992157612","105.7899443540079","105.7911291527005","19"
"21.01778502240265","21.01894226573327","105.7900200244737","105.7912002531184","23"
"21.01770007736367","21.018861968179","105.7899724240247","105.7911602595287","20"
"21.01774567924224","21.01890335037218","105.7900493721198","105.7912239331918","23"
"21.01770172700772","21.01886731374143","105.7900699188668","105.7912536814484","21"
"21.01765866708621","21.018818154996872","105.7899903084094","105.7911741777669","18"
"21.01760700994317","21.01879727795452","105.7900734197391","105.7912663659541","20"
"21.01764144136383","21.01883287252527","105.7901267112784","105.7913189807418","18"
"21.01758984944664","21.01876610744891","105.7900152133793","105.7912154105896","16"
"21.01797615173627","21.01923532693706","105.7855412406274","105.7867839956905","6"
"21.01767673200003","21.019187037000062","105.7867174510001","105.7882166310001","8"
"21.0178930861277","21.01909152224911","105.78861418773509","105.7898281571983","8"
"21.01726638379634","21.01906136162558","105.7829637405432","105.7850435686874","229"
"21.01765017523801","21.018986259592722","105.785601319693","105.78687976963","8"
"21.01765724675273","21.018848962977","105.7915412463504","105.792745131842","18"
"21.01761698486961","21.01877866889641","105.79149768786719","105.7926912143477","17"
"21.01763161688568","21.01883143735716","105.7916126142916","105.7927900340524","15"
"21.01752111418008","21.018739452211662","105.7915445207579","105.7927343703488","18"
"21.01755223938483","21.018723261667272","105.791490518688","105.7926625146954","19"
"21.01757801538991","21.01875438202262","105.7914348020696","105.7926130751143","19"
"21.01761181992594","21.01880604076814","105.7916562176804","105.7928205848467","19"
"21.01751460978474","21.0187087187705","105.7915935634765","105.7927659964341","15"
"21.01759519976032","21.018789489933052","105.7916850676542","105.7928591760718","19"
"21.01747555133495","21.01869085102886","105.79163027317949","105.7928210833205","21"
"21.01756831887187","21.01877035308238","105.7917269204816","105.7929055673446","21"
"21.017456843045668","21.01866315283285","105.7916838269","105.7928684199796","15"
"21.01743315331665","21.0186399445053","105.7917179929124","105.7929099510539","17"
"21.01754580160944","21.01874191602258","105.7917814129631","105.7929597045408","17"
"21.01751559533906","21.01872308411263","105.7918176991502","105.7930201317485","18"
"21.01742078629642","21.018618901525752","105.7917652122307","105.7929441000458","18"
"21.01761364322303","21.01881040486646","105.7910868549054","105.7922775247283","26"
"21.01758193221685","21.01878773164498","105.7910379861405","105.7922328232354","29"
"21.01751302400119","21.01876139086325","105.790922012539","105.7921838525776","26"
"21.01748761525725","21.01870141006344","105.7908803947086","105.7920741577285","29"
"21.01745949794621","21.018670730079222","105.7908206475028","105.7920251486756","26"
"21.01764423411131","21.01886751938331","105.7851092102371","105.78663139755","14"
"21.017301559991598","21.01874269215963","105.7920127887535","105.7935413625481","34"
"21.017376118733377","21.0187107674539","105.7854214803523","105.7866558167282","9"
"21.01750208903157","21.01867722007556","105.7911600273461","105.7923659985482","21"
"21.017426477872927","21.01860555401441","105.7911712291063","105.7923839355065","17"
"21.01747818712084","21.01866073039018","105.7912285540028","105.7923917684167","18"
"21.01740102021812","21.01857814108434","105.791129137825","105.7923596767596","19"
"21.017348175658668","21.01852836635496","105.7912858458362","105.7925240494251","14"
"21.01744740188259","21.01862959599861","105.791282519933","105.7924529589425","15"
"21.01746167851587","21.01864672415741","105.7912505283255","105.7924196449889","18"
"21.01729203047142","21.01848576093714","105.7911910337826","105.7923620556923","16"
"21.01731342760886","21.01850486088782","105.7911638053364","105.7923327726516","19"
"21.01732854904576","21.018522279448742","105.791130475568","105.7923018518913","18"
"21.01734797169456","21.01853745167584","105.7911008013364","105.7922648873919","16"
"21.0173626414437","21.0185565832435","105.7910740886263","105.7922384710628","18"
"21.017379222160258","21.01859120409583","105.791045645983","105.792222713153","14"
"21.01737471523531","21.01856490054066","105.7914035186112","105.7925808720422","15"
"21.01739460043912","21.018579857878752","105.79136882306089","105.7925442929825","16"
"21.017406287564928","21.018601367429792","105.7913406714622","105.7925171156725","17"
"21.01742486450426","21.01861818354957","105.791310294626","105.7924821514712","16"
"21.01727046735638","21.01845883150317","105.7912507516252","105.7924217072344","18"
"21.01728582659646","21.0184731541767","105.7912209516357","105.7923848499049","15"
"21.01716125200007","21.01835562900005","105.790612675","105.791844117","15"
"21.017137614000028","21.01832848700009","105.790595905","105.7918270950001","17"
"21.01711670600002","21.01830602900003","105.790578704","105.7918112760001","19"
"21.01709326900004","21.01828391700008","105.790563089","105.79179539","16"
"21.01707382700007","21.018259930000053","105.7905483630001","105.7917761190001","15"
"21.017050084000058","21.01823766000005","105.79053132600009","105.79176299","16"
"21.01702814600004","21.01821428100003","105.790513016","105.791746719","17"
"21.01700585100004","21.01819173100004","105.7904972390001","105.7917297800001","17"
"21.01697533500003","21.01817152700005","105.790477917","105.7917161560001","13"
"21.01694805200005","21.01814476400003","105.7904585650001","105.7916956970001","18"
"21.016904724000018","21.01812301000007","105.790417178","105.7916774110001","13"
"21.01687983600004","21.018071745000032","105.790411492","105.7916483720001","14"
"21.01683658100006","21.01800964700005","105.7904336590001","105.7916203620001","20"
"21.01690636300004","21.01804589800001","105.79039422","105.7915506050001","18"
"21.016813651000078","21.01799654500008","105.7903604540001","105.79158485","17"
"21.016880990000057","21.01802142800006","105.7903766490001","105.7915329270001","23"
"21.016790694000058","21.01797361400002","105.7903433770001","105.7915686550001","15"
"21.01676363200006","21.017949433000062","105.7903260670001","105.79155245","14"
"21.016735129000057","21.01792491000003","105.7903059370001","105.79153333800011","19"
"21.01670750000005","21.01789640700003","105.7902855740001","105.7915132080001","16"
"21.01666579000004","21.017849034000072","105.7902834060001","105.7914936980001","11"
"21.01732554446767","21.01850787684654","105.7915486907479","105.7927219566501","17"
"21.01730007852499","21.018474313474172","105.7915935342359","105.7927664703405","20"
"21.01726354921451","21.01842597628054","105.7915290204375","105.7927171818968","18"
"21.01721323137138","21.01837958433927","105.7916121990014","105.792819436436","17"
"21.01722067124987","21.01840295076916","105.7914836518692","105.7926930771142","20"
"21.01724105765074","21.0184323046582","105.7916827215457","105.7928568524965","18"
"21.01717174957544","21.01834250999972","105.79159410285659","105.7927982638849","19"
"21.01718731238366","21.01836593939447","105.791460754379","105.7926655298221","19"
"21.01709046922836","21.01830147153279","105.7915238408407","105.7927713093325","20"
"21.01711683424296","21.01829110477668","105.7914788519256","105.7926464373545","19"
"21.01713845461807","21.01832559622566","105.7914367590151","105.7926015550494","19"
"21.01724719414041","21.01846694749143","105.7848025549257","105.7866011946451","14"
"21.01719875704749","21.01841906770483","105.7923837278374","105.7936210299927","15"
"21.01711028305354","21.01832349648961","105.7924410412081","105.7936672349522","14"
"21.01688303900007","21.018059802000042","105.7909658530001","105.7921613630001","18"
"21.016671703168377","21.01843431819701","105.78213975189679","105.7841462632092","229"
"21.01707683100008","21.01826248200006","105.790863683","105.7920763310001","6"
"21.01705807600008","21.01823972000006","105.790768491","105.7919776490001","18"
"21.01708216300003","21.01825880900004","105.7907262170001","105.7918977940001","14"
"21.01700215400005","21.018193716000052","105.79087474800009","105.792102453","13"
"21.01696435900004","21.01816206500007","105.790802021","105.791982465","11"
"21.016984973000028","21.01817410700006","105.7907693120001","105.7919436430001","16"
"21.01700637800008","21.01818182400007","105.7907141420001","105.7918850810001","14"
"21.01694313600008","21.01814075700003","105.7908335420001","105.79202136","21"
"21.01671539399922","21.01837717215734","105.7897480498165","105.7915898970361","108"
"21.01714313156266","21.01835572591408","105.7922852945423","105.7935021256951","15"
"21.01704875745038","21.0182594774589","105.7923388158996","105.7935607426509","14"
"21.01714532179208","21.01832581108324","105.7918374894093","105.7930092161741","16"
"21.017056320917018","21.018236663559712","105.79181790570699","105.7930356671943","18"
"21.01709846017121","21.018263650092482","105.7917963610883","105.7929809774494","12"
"21.01702448721185","21.018207165054992","105.7918372863968","105.7930607097371","19"
"21.01700163753075","21.01817470645865","105.7918586658166","105.79308118676231","16"
"21.01696283075076","21.018146330264752","105.7918719505124","105.7930977689335","18"
"21.01679860188888","21.01802850900087","105.7918680570177","105.7930671829094","19"
"21.0169340087431","21.01811100975114","105.7918969524173","105.7931202110877","17"
"21.01690664161387","21.0180828315603","105.7919141690518","105.7931343683914","16"
"21.01687078241234","21.01805217397462","105.7919303164868","105.7931589654129","19"
"21.01682246670161","21.01801347804508","105.7919558933893","105.7931884823163","15"
"21.01678042721402","21.01801061694072","105.7918334551147","105.7930315687768","15"
"21.01676904378864","21.01799464368275","105.791802530691","105.7929946105198","15"
"21.01675493533038","21.01797195035258","105.7917705956785","105.7929677635294","16"
"21.01688334655976","21.01809294649147","105.79171163672859","105.79288659555971","14"
"21.01674110869724","21.017952841512262","105.7917466101868","105.7929221013622","19"
"21.01690565010857","21.01811292160561","105.7917374812026","105.7929148923448","17"
"21.01686590929626","21.01807183618607","105.7916833109359","105.7928646417882","15"
"21.01671186763999","21.01795996574269","105.791649518941","105.7928962208427","15"
"21.01685783200002","21.01803784600002","105.790943772","105.79214113500011","14"
"21.0169701771235","21.01820512183026","105.7917670169385","105.79295871950791","17"
"21.01711139779479","21.01831590548283","105.7921951525429","105.7934137143709","14"
"21.01700308313059","21.01822219340593","105.7922274011585","105.7934700521109","15"
"21.01704803679392","21.01827275538744","105.7920917400221","105.7933163466547","15"
"21.016957156565407","21.01816714635445","105.7921420543418","105.7933699719669","13"
"21.01699087700008","21.01826299100002","105.7910025930001","105.7923028530001","22"
"21.01697575282623","21.01818158929576","105.7925290724789","105.7937427049717","16"
"21.016927621110618","21.018134212587082","105.7924587664108","105.7936499209357","17"
"21.016869974706218","21.018056592243703","105.7925075919534","105.7936919497776","18"
"21.01692041501777","21.018092539896532","105.7925852409666","105.7937865208715","19"
"21.01680060850899","21.01798453837291","105.7925571546448","105.7937435250076","15"
"21.016876222026678","21.01805282317142","105.7926074092645","105.7938153972458","15"
"21.01682597217268","21.01801110348937","105.7926324538772","105.7938507457723","18"
"21.01696005900005","21.01814737300005","105.7913576120001","105.7925620220001","15"
"21.01694036500005","21.01812379900002","105.79133717799999","105.7925289500001","11"
"21.01690396700008","21.018093794000052","105.7912832210001","105.7924845220001","16"
"21.01688346400006","21.01808139500003","105.7912599390001","105.79246527","15"
"21.01686393100005","21.018060864000052","105.7912394990001","105.7924419890001","8"
"21.01684450500004","21.01804284100007","105.791217454","105.792419818","14"
"21.01682484700005","21.01802339700002","105.791194723","105.792397764","9"
"21.01680710200002","21.01800335200005","105.7911723590001","105.7923754390001","17"
"21.01678645400007","21.017983621000052","105.7911502560001","105.7923552980001","12"
"21.01676428900003","21.01796413300008","105.7911261620001","105.7923318620001","13"
"21.01674410900004","21.017942884000043","105.79110514199999","105.7923066860001","16"
"21.01672568100004","21.01792434800006","105.7910843050001","105.792283781","14"
"21.01670213200005","21.01790597400002","105.7910573030001","105.7922628570001","13"
"21.016678816000038","21.017882155000052","105.79102999999999","105.7922361250001","19"
"21.01665282300008","21.01785808400006","105.7910008910001","105.792209664","20"
"21.01662536500005","21.01783240500005","105.7909702060001","105.7921801490001","19"
"21.016607027000088","21.01780534300009","105.7909480060001","105.7921489810001","18"
"21.016585239000047","21.01778577400007","105.790925991","105.7921281630001","17"
"21.016564744000068","21.017766348000062","105.79090342400009","105.7921034220001","16"
"21.01654424100009","21.01774644700005","105.7908814370001","105.7920801500001","15"
"21.016902637367238","21.01810731441813","105.7915339957837","105.7927279102383","9"
"21.016933991000048","21.01811508600002","105.791011004","105.7922103710001","16"
"21.016904578000048","21.01808819000007","105.7909855450001","105.7922103710001","19"
"21.016832615000048","21.01801321800006","105.790920703","105.7921174720001","21"
"21.016816579","21.01799388000006","105.7908880290001","105.7920833880001","18"
"21.01681627500006","21.01801284000003","105.7907693760001","105.791974058","15"
"21.01678400800007","21.017971874000082","105.79086204","105.7920723440001","17"
"21.01677253900004","21.01795055300003","105.7908334820001","105.792030975","11"
"21.01674939100008","21.01792365200005","105.790813896","105.792007051","15"
"21.01671997200004","21.01790520900004","105.7907894720001","105.7919922670001","15"
"21.01673837300005","21.01793443100006","105.7906901650001","105.7918844210001","17"
"21.016841556000028","21.01803400000006","105.790740423","105.7919186660001","14"
"21.01669745500006","21.01788157600004","105.7907661","105.7919678150001","12"
"21.01667230400006","21.01785858900006","105.790734028","105.7919445130001","17"
"21.01676610800006","21.017953647000052","105.7906546620001","105.7918272420001","12"
"21.01685839200007","21.018053251000023","105.7907101700001","105.7918861200001","17"
"21.01678856400005","21.01797381400008","105.7906223520001","105.7917952330001","16"
"21.01687671500002","21.01807211900006","105.7906812530001","105.7918565060001","12"
"21.01680899200006","21.01799235000006","105.7905919120001","105.7917627970001","15"
"21.01689477800004","21.01809215100008","105.7906481460001","105.7918274780001","15"
"21.01682825500005","21.01801717900003","105.7905551530001","105.7917332470001","17"
"21.01691555300004","21.018115052000052","105.7906145050001","105.791797435","11"
"21.01688033420653","21.01805354438116","105.7922973031852","105.7935052806837","16"
"21.01683256226835","21.01801589532429","105.792326024051","105.7935390724316","16"
"21.01673352413344","21.0180086977565","105.7921820769871","105.7934617171177","15"
"21.01679765622389","21.01796629432767","105.7923646760306","105.7935602094834","9"
"21.01675345856565","21.017921041040672","105.7923771130223","105.7935777276745","15"
"21.01669340738637","21.01787397378267","105.7922588428456","105.7934826714289","18"
"21.01670344424327","21.01788412514825","105.7923979524405","105.7936122619891","16"
"21.016643074684538","21.0178273015328","105.7922877770975","105.7935113772581","17"
"21.0166239221596","21.01783153357833","105.7924753078768","105.7936620296437","15"
"21.01661788719261","21.017803857681383","105.7924293786108","105.7936042444186","15"
"21.01657861040935","21.01777981727304","105.7923880378704","105.79359292308911","15"
"21.01657154275971","21.017757052740482","105.7923329475703","105.793514113482","15"
"21.01688213793423","21.01802726990822","105.7914472350996","105.792604692319","6"
"21.01673699402258","21.01791256496223","105.7920225915112","105.7932371429485","17"
"21.01630844617509","21.017493287651792","105.7922723377728","105.7934987488299","17"
"21.016679533740078","21.01786922855051","105.792040563243","105.7932545586259","17"
"21.01663245964972","21.01784905276667","105.7919722504085","105.7931612546713","18"
"21.01651733888015","21.017720696116612","105.7919485022471","105.7931664164267","17"
"21.016497453369","21.01769824850633","105.7919822187118","105.7931864299375","17"
"21.0164591651513","21.0176722609095","105.7919945957459","105.793215164386","15"
"21.01644018555075","21.01763919915005","105.7920274817459","105.7932346856645","15"
"21.016417252415998","21.01761417934474","105.7920459368579","105.79324490072631","15"
"21.016363367000338","21.017549510911312","105.7921037498518","105.7932995212739","17"
"21.01632195619008","21.01750050748712","105.7921309748436","105.7933223886516","17"
"21.01629307828413","21.01746461707193","105.7921575388603","105.7933438534627","15"
"21.016230507550258","21.01743234637176","105.7921784196214","105.7933886393821","14"
"21.01634074058351","21.01752221843249","105.7922514392153","105.7934649830286","16"
"21.01637926106988","21.0175515089015","105.7922211471902","105.7934500962108","16"
"21.016406456735478","21.01759025682847","105.7921986299087","105.793431762568","22"
"21.01645136463003","21.01761560955378","105.7921992378653","105.7934099861515","15"
"21.016470478099478","21.01764986509773","105.79217389025929","105.7933957279087","17"
"21.016502052984038","21.017681910878892","105.7921477703215","105.7933746073399","15"
"21.016538439815008","21.01771319771061","105.7921367589689","105.7933576053856","14"
"21.016563070466848","21.01774304881983","105.7921179656259","105.793338603056","16"
"21.01659868949572","21.01777504398517","105.79209922126999","105.79331853027661","16"
"21.0166280964131","21.017811411323542","105.7920755929994","105.79329605215351","19"
"21.0166609517272","21.01783216956307","105.7920679882933","105.7932747996326","17"
"21.016611121773938","21.017829572247592","105.79194304876489","105.7931207085538","16"
"21.01619712020328","21.01738006287531","105.7922914223222","105.7934794396564","21"
"21.01616422924396","21.01733970258227","105.7922726285716","105.7934627388507","13"
"21.016227531997558","21.01741774837876","105.7923234543517","105.7935128606568","17"
"21.01625213823101","21.017448592505062","105.79236782804949","105.7935646272234","14"
"21.01658306146197","21.01781147502967","105.7919090783625","105.7930961008548","17"
"21.01654761090748","21.0177249816965","105.7918790039913","105.7930673255556","16"
"21.01660608587872","21.01779204508512","105.7918167416434","105.7930294611323","19"
"21.01656764874111","21.01788843532256","105.792669457583","105.793960665624","7"
"21.016613521000068","21.01788809400006","105.7904200890001","105.7916558190001","17"
"21.016605792000068","21.01785520900006","105.7904590810001","105.791673002","13"
"21.01658391100006","21.01781562000006","105.7904865100001","105.7916941520001","22"
"21.01656061100005","21.01779504300003","105.7905225070001","105.7917318260001","23"
"21.01654810500001","21.01776305600003","105.7905585730001","105.7917520220001","9"
"21.016509346000078","21.01774346500001","105.7906060410001","105.7918199460001","19"
"21.01648960500005","21.017720209000082","105.790649341","105.7918566910001","19"
"21.01646627100008","21.01770690100006","105.7906753220001","105.7918872220001","15"
"21.01644630400006","21.01769229400001","105.790696622","105.79191441100001","20"
"21.01648422500004","21.01770273900007","105.7907653470001","105.791955884","17"
"21.01647082200001","21.01768828900004","105.790791626","105.7919801690001","14"
"21.016501995178718","21.01789561980841","105.7891845308302","105.7907449145098","22"
"21.01660049852445","21.017863623496222","105.7911799879022","105.7924485067887","7"
"21.01644152435793","21.01776818305364","105.7914338906568","105.7927507678354","8"
"21.01645643800002","21.01765308000004","105.7916508630001","105.792858499","6"
"21.01611858976693","21.01758270458","105.7914646575367","105.7929521220708","12"
"21.01565905483315","21.017456486951932","105.783566573762","105.7854635104569","35"
"21.01628133751386","21.01769211683814","105.7892351689192","105.7908329104207","20"
"21.01617117385995","21.01766947307903","105.7907704466782","105.7923251547509","10"
"21.01637176648253","21.01763830079674","105.7891297152487","105.7904003531417","9"
"21.01642553952646","21.01761717430563","105.7908450536849","105.7920507833641","13"
"21.01613764599265","21.017552870123392","105.7902387622481","105.7917445340793","28"
"21.0160651549473","21.017585341792252","105.7925169783052","105.7940862571865","16"
"21.01582600782487","21.01746714336751","105.7890426523729","105.7905767035099","28"
"21.01592616629322","21.01732969798974","105.7894614710474","105.7910583444037","20"
"21.015832365669368","21.017452231239762","105.78824778855","105.79012822790371","71"
"21.015328391591478","21.01731344535846","105.7915342834108","105.7937287517386","114"
"21.01601661861053","21.01723723203563","105.7916097108323","105.7928576752895","6"
"21.01578710652905","21.01717260655856","105.7897111634371","105.7911547241003","14"
"21.01581743486513","21.017142833680122","105.7906617496915","105.792035176363","9"
"21.015835192000058","21.017128440000082","105.7912411490001","105.792550018","9"
"21.01590373163301","21.017071974258712","105.7915526460162","105.7926965886364","8"
"21.01591998720761","21.01708865128225","105.7904787555275","105.7916611630294","17"
"21.015661388666818","21.01699323038029","105.7908229879249","105.7921891221216","9"
"21.01544385977742","21.01681089712914","105.78424236312419","105.7856634484443","6"
"21.015545825839908","21.01694740146857","105.7893921536063","105.7907852913309","21"
"21.015536096000048","21.01685222100009","105.7909821050001","105.792329028","10"
"21.015195129917657","21.01678951626414","105.7911435829018","105.7929095875895","101"
"21.01549814838804","21.01665117465233","105.792843925736","105.7939988305021","19"
"21.01544212069402","21.016651472729922","105.7927409320066","105.7939515024039","6"
"21.01541683325317","21.01662376519576","105.7927134729447","105.793918581411","11"
"21.01539202017737","21.01660830119804","105.7926801225623","105.7938975478481","13"
"21.015372039694178","21.0165752676595","105.7926702786058","105.7938734232676","9"
"21.01534955310287","21.016536948246802","105.7926658027548","105.79385746764581","9"
"21.015299320967458","21.01650020348935","105.7925876987703","105.7937996941493","8"
"21.01527054224431","21.016478324488162","105.7925590830896","105.7937735823763","14"
"21.01525335394529","21.01645352333687","105.79253831147619","105.7937434027637","11"
"21.01522852241348","21.01643228468053","105.7925102197261","105.7937212005767","15"
"21.01519200427878","21.0164022118994","105.7924826123138","105.7936932708738","6"
"21.01485171765835","21.01644065068547","105.7916592515331","105.793428800751","32"
"21.01453389008363","21.01641595250835","105.7838712789256","105.7860636553053","135"
"21.014655784478908","21.01616160495723","105.7848261833589","105.7864602501433","6"
"21.014263044603698","21.01565605160518","105.7842776148535","105.785728560751","6"
"21.013934311687528","21.0153587175296","105.7880157524325","105.789532233901","64"
"21.01370578812892","21.015281921596152","105.782616934621","105.7843318329567","32"
"21.013983269000068","21.01518043900005","105.7893844530001","105.7905850170001","6"
"21.01332807665187","21.015028549893582","105.7886261744837","105.7905697032151","59"
"21.01327509408817","21.01498302893622","105.7828388870518","105.7845807805204","34"
"21.013271777074028","21.01477903121626","105.7871780435194","105.7888158718541","13"
"21.01332031729494","21.01464086219132","105.7876818388831","105.7889989057382","9"
"21.013188766781138","21.01464438447802","105.7833847940275","105.7849084937757","40"
"21.0132370411478","21.01457967962247","105.7881186516039","105.789445976428","9"
"21.0132600593959","21.014468784028733","105.7869358032721","105.7881509933529","6"
"21.012747344567348","21.01431205186514","105.7892086496291","105.79100051286031","58"
"21.01291883391728","21.01442356478098","105.7874729740351","105.7891119786609","13"
"21.01295640911867","21.01441136214207","105.7830784882273","105.7845417071027","34"
"21.01319170419541","21.01440363981982","105.78264778759849","105.7838931525625","13"
"21.01308894713279","21.0143353895251","105.7827278230314","105.7839724606983","13"
"21.01304857738516","21.0142379649591","105.7826621335256","105.78386614256421","13"
"21.01205875651971","21.01361565217237","105.786312282407","105.78783831716581","6"
"21.01185318835984","21.01344421652936","105.78604180758","105.787667246136","6"
"21.01209124500004","21.013451078000053","105.789658317","105.7910733120001","61"
"21.01178603800004","21.01299587700003","105.787686475","105.7888916960001","6"
"21.01141804800005","21.01290768000005","105.7926331140001","105.794086958","6"
"21.01149047000009","21.012861979000032","105.792342346","105.7937829840001","6"
"21.01141791263682","21.01279800424394","105.787582720089","105.7890315436987","20"
"21.01130002751382","21.0128182972267","105.7871963686085","105.7886882971721","13"
"21.01100204332932","21.01267310097598","105.7867953960512","105.7884668575948","21"
"21.0112719866288","21.012643234782082","105.7878830302167","105.7892675586514","16"
"21.011054258424448","21.01255218881155","105.7893879609246","105.7909811298729","49"
"21.0106308333779","21.01248165958549","105.787513708659","105.7893542488703","21"
"21.01100224000006","21.01239090500006","105.7926415370001","105.7940751790001","7"
"21.01075840537042","21.01224362762285","105.78894741592529","105.7905488039176","49"
"21.01049517773765","21.01199165255279","105.7898130351301","105.7913951921272","48"
"21.010468091645418","21.011640131648072","105.7825878241925","105.7838030346212","12"
"21.010231569000037","21.01178354700005","105.7884025640001","105.7900123510001","95"
"21.01021042997916","21.01170163445965","105.789393285151","105.7909897435906","44"
"21.01030347792214","21.0115689206513","105.7921588007982","105.7934066263192","9"
"21.01024479714646","21.0114865180088","105.7905695261521","105.791852192939","27"
"21.0102088044947","21.01141490052564","105.7906506114492","105.791876640426","21"
"21.0101337590901","21.01137466449605","105.7906800337011","105.7919155610403","26"
"21.009984823263448","21.01137733291365","105.790347182285","105.7917797839226","15"
"21.010136740295888","21.0114476982363","105.7922221757465","105.7935452540964","8"
"21.01001822681788","21.01129221189248","105.7923501488696","105.7936380386648","11"
"21.00989703980459","21.01118239117202","105.7924562863323","105.7937459352796","8"
"21.00953895878405","21.01141046826335","105.78774871513829","105.7895738762806","16"
"21.01014217900008","21.01133865600008","105.787803016","105.7890147150001","6"
"21.00982599786919","21.01131919865742","105.79161546813769","105.7932382181451","13"
"21.00945346632392","21.01090512524506","105.7920086541143","105.793578179149","13"
"21.00978004957138","21.01118085271014","105.790138473841","105.7915241918251","17"
"21.00990850970253","21.01114142308383","105.7903848175881","105.7916259339753","22"
"21.00987045596076","21.01109890917473","105.7892365758962","105.7904909605158","9"
"21.009809664677498","21.011037395652","105.7900148783606","105.7912535083428","22"
"21.0097090661301","21.01095263891876","105.7900315878301","105.7913193366476","17"
"21.00926158121557","21.01053190989096","105.7826894448566","105.7839430339119","12"
"21.00948970513663","21.01082050229759","105.7882653739168","105.7897300101363","13"
"21.00918166093269","21.010434337830063","105.7827412263378","105.7840289114277","11"
"21.00896810254757","21.01020763782138","105.7914197195349","105.7926956289807","11"
"21.00901563439743","21.01023571908452","105.7912945428344","105.7925054684793","14"
"21.00906553716498","21.0103055407057","105.7828154965936","105.784102398235","11"
"21.00894398380807","21.01019014419138","105.7826378307536","105.7839148834587","12"
"21.018463753000038","21.01992068700001","105.7862678640001","105.7877166850001","8"
"21.016375308204108","21.01777067354254","105.789978730605","105.7914943560645","76"
"21.01550565094964","21.01772455825862","105.7823965094635","105.7852151725617","350"
"21.015216585737107","21.01672812423357","105.7852815784252","105.7868307821356","43"
"21.01487820818306","21.01638804318945","105.7854850046694","105.7869346850153","43"
"21.014944797386228","21.01639145490611","105.78577775082739","105.7873493834864","42"
"21.01524904078227","21.01669031416937","105.7860536656963","105.7876404518257","43"
"21.01452589365792","21.01600904779127","105.7866100784591","105.7882001024148","48"
"21.01419866529112","21.015700964890232","105.7861440998358","105.7877182850688","48"
"21.01402914600003","21.01550121300005","105.7871026280001","105.7886075160001","48"
"21.013656965604","21.01519092121643","105.7865342541759","105.7881632365814","48"
"21.01741359267649","21.0189730687622","105.7881877915868","105.790054016946","75"
"21.016696050440988","21.018469677096952","105.7873777515828","105.7891811033157","76"
"21.01484613543396","21.016648493319302","105.7871357034447","105.7887878865671","20"
"21.01505142277696","21.01652190249868","105.7873287420528","105.7888915455897","20"
"21.015283264486378","21.016845752967022","105.7876917597035","105.78944335219231","20"
"21.01518082598891","21.016696098387122","105.7878129681627","105.7893064704988","20"
"21.01485910150305","21.01632984434675","105.7880947106537","105.7895434670172","20"
"21.0146308932866","21.01643861006588","105.7882214409303","105.7897715005961","20"
